loss_domain_k,source_i,feature,Q_i,mbar_i,w_pQ,w_clr,mbar_clr_i
arxiv,arxiv,pQ:arxiv,0.7094894002981443,0.08006470699430575,-0.028371821933073964,-0.14269444185360936,0.7252982371825355
arxiv,freelaw,pQ:freelaw,0.6061136105391851,0.05562685017565562,0.5826856869512579,0.003169206456708776,0.4823102453255607
arxiv,nih_exporter,pQ:nih_exporter,0.6061136105391851,0.0036102893288422603,-6.028701901936724,0.05833475471474537,-0.9325742030583133
arxiv,pubmed_central,pQ:pubmed_central,0.7094894002981443,0.0829569948648906,-0.1216033170299323,-0.0099094028894503,0.8740553427997371
arxiv,wikipedia_en,pQ:wikipedia_en,0.5956867175934197,0.04511656067394484,0.37596927593911045,0.0024788439231779144,0.3092621864252901
arxiv,dm_mathematics,pQ:dm_mathematics,0.7094894002981443,0.018296517192373365,-0.7303513809787371,0.024088419996531118,-0.29411789192594523
arxiv,github,pQ:github,0.4784535320008694,0.054002748429485485,0.01517053260282674,0.014524463246751829,0.6850049311505172
arxiv,philpapers,pQ:philpapers,0.7094894002981443,0.0037764863724578344,-8.05661657994017,0.061918559667019236,-0.9928216038409553
arxiv,stackexchange,pQ:stackexchange,0.6028669215424124,0.06063610151117127,-0.249391762282956,-0.027320852361029494,0.6050487374391672
arxiv,enron_emails,pQ:enron_emails,0.6061136105391851,0.0014033441253024396,-23.181857164880128,0.10824561765675807,-1.2844178433960665
arxiv,gutenberg_pg_19,pQ:gutenberg_pg_19,0.4994921312324439,0.02364262754500234,0.09442013643950864,0.011856979808420607,0.10217515160788634
arxiv,pile_cc,pQ:pile_cc,0.6061136105391851,0.07117102505254637,0.029379096607540574,0.014691254493604705,0.8062879751385065
arxiv,ubuntu_irc,pQ:ubuntu_irc,0.6061136105391851,0.012362533461808227,-0.6638331864423904,0.023293919763342618,-0.3752296777092186
arxiv,europarl,pQ:europarl,0.6061136105391851,0.007921340639839427,-3.9071464402140053,0.056876336583819784,-0.5876965044640093
arxiv,hackernews,pQ:hackernews,0.6061136105391851,0.0071277504470613935,-1.1169878234153412,0.027645029743461367,-0.6557736934906878
arxiv,pubmed_abstracts,pQ:pubmed_abstracts,0.7094894002981443,0.045952754911802916,-0.1750294915778903,0.018570989131178738,0.16775474399575238
arxiv,uspto_backgrounds,pQ:uspto_backgrounds,0.6061136105391851,0.04547854256135763,-0.08599547470341773,0.017971786137037298,0.36543386682024454
freelaw,arxiv,pQ:arxiv,0.7094894002981443,0.08006470699430575,0.2756573068833253,0.0132149608820175,0.7252982371825355
freelaw,freelaw,pQ:freelaw,0.6061136105391851,0.05562685017565562,-0.2272895174567645,-0.22084568266663218,0.4823102453255607
freelaw,nih_exporter,pQ:nih_exporter,0.6061136105391851,0.0036102893288422603,-7.8154320711372,0.0602331697004836,-0.9325742030583133
freelaw,pubmed_central,pQ:pubmed_central,0.7094894002981443,0.0829569948648906,0.21224312055004443,0.012040770278835109,0.8740553427997371
freelaw,wikipedia_en,pQ:wikipedia_en,0.5956867175934197,0.04511656067394484,-0.3545920972859352,0.007798188212062551,0.3092621864252901
freelaw,dm_mathematics,pQ:dm_mathematics,0.7094894002981443,0.018296517192373365,-0.12164372955533306,0.02279655915914289,-0.29411789192594523
freelaw,github,pQ:github,0.4784535320008694,0.054002748429485485,0.7005185887204471,0.008561328227852086,0.6850049311505172
freelaw,philpapers,pQ:philpapers,0.7094894002981443,0.0037764863724578344,-8.226753396568554,0.0660809722133688,-0.9928216038409553
freelaw,stackexchange,pQ:stackexchange,0.6028669215424124,0.06063610151117127,0.3267943128012825,0.009436932785682944,0.6050487374391672
freelaw,enron_emails,pQ:enron_emails,0.6061136105391851,0.0014033441253024396,-38.286529748481804,0.1341848906980124,-1.2844178433960665
freelaw,gutenberg_pg_19,pQ:gutenberg_pg_19,0.4994921312324439,0.02364262754500234,-0.5516379551791569,0.01331484483355707,0.10217515160788634
freelaw,pile_cc,pQ:pile_cc,0.6061136105391851,0.07117102505254637,-0.6633920449578325,-0.0015475997318214862,0.8062879751385065
freelaw,ubuntu_irc,pQ:ubuntu_irc,0.6061136105391851,0.012362533461808227,-0.637192755275298,0.025859349428725836,-0.3752296777092186
freelaw,europarl,pQ:europarl,0.6061136105391851,0.007921340639839427,-2.781297968412261,0.042477789271615,-0.5876965044640093
freelaw,hackernews,pQ:hackernews,0.6061136105391851,0.0071277504470613935,-2.517268533781297,0.03711088851917403,-0.6557736934906878
freelaw,pubmed_abstracts,pQ:pubmed_abstracts,0.7094894002981443,0.045952754911802916,0.05200721280990672,0.01820783990813933,0.16775474399575238
freelaw,uspto_backgrounds,pQ:uspto_backgrounds,0.6061136105391851,0.04547854256135763,-0.1839654386793318,0.02259526543563179,0.36543386682024454
pubmed_central,arxiv,pQ:arxiv,0.7094894002981443,0.08006470699430575,0.016359099769899445,-0.0034091636642831326,0.7252982371825355
pubmed_central,freelaw,pQ:freelaw,0.6061136105391851,0.05562685017565562,0.3012092603321304,0.0052548597587399075,0.4823102453255607
pubmed_central,nih_exporter,pQ:nih_exporter,0.6061136105391851,0.0036102893288422603,-7.119223509545042,0.0437512086821939,-0.9325742030583133
pubmed_central,pubmed_central,pQ:pubmed_central,0.7094894002981443,0.0829569948648906,0.021326545433029566,-0.15186505998397135,0.8740553427997371
pubmed_central,wikipedia_en,pQ:wikipedia_en,0.5956867175934197,0.04511656067394484,-0.024436865574566775,0.010169098210293624,0.3092621864252901
pubmed_central,dm_mathematics,pQ:dm_mathematics,0.7094894002981443,0.018296517192373365,-0.07768411769379567,0.015211416824751295,-0.29411789192594523
pubmed_central,github,pQ:github,0.4784535320008694,0.054002748429485485,0.3492677653598143,0.009769677411199319,0.6850049311505172
pubmed_central,philpapers,pQ:philpapers,0.7094894002981443,0.0037764863724578344,-7.156170930674085,0.06273679839946959,-0.9928216038409553
pubmed_central,stackexchange,pQ:stackexchange,0.6028669215424124,0.06063610151117127,0.13007524651943345,0.0034290011020086815,0.6050487374391672
pubmed_central,enron_emails,pQ:enron_emails,0.6061136105391851,0.0014033441253024396,-29.8268899540072,0.11803615419893113,-1.2844178433960665
pubmed_central,gutenberg_pg_19,pQ:gutenberg_pg_19,0.4994921312324439,0.02364262754500234,-0.2761245685695169,0.017833779415241967,0.10217515160788634
pubmed_central,pile_cc,pQ:pile_cc,0.6061136105391851,0.07117102505254637,-0.04770777292666907,0.010757768807813553,0.8062879751385065
pubmed_central,ubuntu_irc,pQ:ubuntu_irc,0.6061136105391851,0.012362533461808227,-0.2638856119363298,0.017230176817713175,-0.3752296777092186
pubmed_central,europarl,pQ:europarl,0.6061136105391851,0.007921340639839427,-2.7015114309873214,0.03927669028898903,-0.5876965044640093
pubmed_central,hackernews,pQ:hackernews,0.6061136105391851,0.0071277504470613935,-1.5903717272943696,0.029064440256651138,-0.6557736934906878
pubmed_central,pubmed_abstracts,pQ:pubmed_abstracts,0.7094894002981443,0.045952754911802916,-0.5270687561957738,-0.0030033895293147075,0.16775474399575238
pubmed_central,uspto_backgrounds,pQ:uspto_backgrounds,0.6061136105391851,0.04547854256135763,-0.39486305049235537,0.016801208478046416,0.36543386682024454
wikipedia_en,arxiv,pQ:arxiv,0.7094894002981443,0.08006470699430575,0.2504446365055408,0.01004674710761224,0.7252982371825355
wikipedia_en,freelaw,pQ:freelaw,0.6061136105391851,0.05562685017565562,0.16343160933879936,8.284591079973963e-05,0.4823102453255607
wikipedia_en,nih_exporter,pQ:nih_exporter,0.6061136105391851,0.0036102893288422603,-6.3124577575643634,0.045003728998763134,-0.9325742030583133
wikipedia_en,pubmed_central,pQ:pubmed_central,0.7094894002981443,0.0829569948648906,0.015282143205063228,0.00975290253673425,0.8740553427997371
wikipedia_en,wikipedia_en,pQ:wikipedia_en,0.5956867175934197,0.04511656067394484,-0.8135481091427842,-0.13960251012265504,0.3092621864252901
wikipedia_en,dm_mathematics,pQ:dm_mathematics,0.7094894002981443,0.018296517192373365,-0.07860737141474992,0.020737924641897783,-0.29411789192594523
wikipedia_en,github,pQ:github,0.4784535320008694,0.054002748429485485,0.8028939400534015,0.009212420270459473,0.6850049311505172
wikipedia_en,philpapers,pQ:philpapers,0.7094894002981443,0.0037764863724578344,-6.669457950444326,0.04696269603719375,-0.9928216038409553
wikipedia_en,stackexchange,pQ:stackexchange,0.6028669215424124,0.06063610151117127,0.2732578108837339,0.0006548350267350607,0.6050487374391672
wikipedia_en,enron_emails,pQ:enron_emails,0.6061136105391851,0.0014033441253024396,-29.146233653167386,0.10908801496017302,-1.2844178433960665
wikipedia_en,gutenberg_pg_19,pQ:gutenberg_pg_19,0.4994921312324439,0.02364262754500234,-0.4049995032312725,0.009226898049761484,0.10217515160788634
wikipedia_en,pile_cc,pQ:pile_cc,0.6061136105391851,0.07117102505254637,-0.677771465769987,-0.023015975028620093,0.8062879751385065
wikipedia_en,ubuntu_irc,pQ:ubuntu_irc,0.6061136105391851,0.012362533461808227,-0.08862060264919197,0.01761718083053923,-0.3752296777092186
wikipedia_en,europarl,pQ:europarl,0.6061136105391851,0.007921340639839427,-1.9356551802216637,0.03395533999174652,-0.5876965044640093
wikipedia_en,hackernews,pQ:hackernews,0.6061136105391851,0.0071277504470613935,-2.658230818998929,0.034688946810541625,-0.6557736934906878
wikipedia_en,pubmed_abstracts,pQ:pubmed_abstracts,0.7094894002981443,0.045952754911802916,0.037018695209779066,0.00871393610720879,0.16775474399575238
wikipedia_en,uspto_backgrounds,pQ:uspto_backgrounds,0.6061136105391851,0.04547854256135763,0.002222890275870212,0.011959382653307307,0.36543386682024454
dm_mathematics,arxiv,pQ:arxiv,0.7094894002981443,0.08006470699430575,0.09566996029945582,-5.4210162121343156e-05,0.7252982371825355
dm_mathematics,freelaw,pQ:freelaw,0.6061136105391851,0.05562685017565562,0.1432252691867894,0.003107392856532262,0.4823102453255607
dm_mathematics,nih_exporter,pQ:nih_exporter,0.6061136105391851,0.0036102893288422603,-8.967853701278028,0.052437156150667644,-0.9325742030583133
dm_mathematics,pubmed_central,pQ:pubmed_central,0.7094894002981443,0.0829569948648906,-0.052234370169844085,0.0084666647477395,0.8740553427997371
dm_mathematics,wikipedia_en,pQ:wikipedia_en,0.5956867175934197,0.04511656067394484,0.05375112201135793,0.0044306743384939975,0.3092621864252901
dm_mathematics,dm_mathematics,pQ:dm_mathematics,0.7094894002981443,0.018296517192373365,4.105511287503095,-0.27265646090850826,-0.29411789192594523
dm_mathematics,github,pQ:github,0.4784535320008694,0.054002748429485485,0.040994383834515834,0.006910911944736312,0.6850049311505172
dm_mathematics,philpapers,pQ:philpapers,0.7094894002981443,0.0037764863724578344,-7.495625584354918,0.05150037678579588,-0.9928216038409553
dm_mathematics,stackexchange,pQ:stackexchange,0.6028669215424124,0.06063610151117127,-0.047901601103428074,-0.0023074830619135727,0.6050487374391672
dm_mathematics,enron_emails,pQ:enron_emails,0.6061136105391851,0.0014033441253024396,-36.56788992995074,0.1341477865150527,-1.2844178433960665
dm_mathematics,gutenberg_pg_19,pQ:gutenberg_pg_19,0.4994921312324439,0.02364262754500234,-0.5535082848756568,0.015004711366125025,0.10217515160788634
dm_mathematics,pile_cc,pQ:pile_cc,0.6061136105391851,0.07117102505254637,-0.03264634377268401,0.012092636712318498,0.8062879751385065
dm_mathematics,ubuntu_irc,pQ:ubuntu_irc,0.6061136105391851,0.012362533461808227,-0.40609558601948736,0.004826687416526527,-0.3752296777092186
dm_mathematics,europarl,pQ:europarl,0.6061136105391851,0.007921340639839427,-2.706489149567319,0.03356656940977,-0.5876965044640093
dm_mathematics,hackernews,pQ:hackernews,0.6061136105391851,0.0071277504470613935,-3.269594180555358,0.03609404242119384,-0.6557736934906878
dm_mathematics,pubmed_abstracts,pQ:pubmed_abstracts,0.7094894002981443,0.045952754911802916,-0.19494734608480738,0.016798836346484984,0.16775474399575238
dm_mathematics,uspto_backgrounds,pQ:uspto_backgrounds,0.6061136105391851,0.04547854256135763,-0.1728457132381217,0.011712640805076847,0.36543386682024454
github,arxiv,pQ:arxiv,0.7094894002981443,0.08006470699430575,0.3013772002435269,0.0029100298696297833,0.7252982371825355
github,freelaw,pQ:freelaw,0.6061136105391851,0.05562685017565562,0.27725895676422746,0.014555007928171751,0.4823102453255607
github,nih_exporter,pQ:nih_exporter,0.6061136105391851,0.0036102893288422603,-6.856654476180833,0.04386146275638737,-0.9325742030583133
github,pubmed_central,pQ:pubmed_central,0.7094894002981443,0.0829569948648906,0.4230377713256207,0.006135237379356146,0.8740553427997371
github,wikipedia_en,pQ:wikipedia_en,0.5956867175934197,0.04511656067394484,-0.00997257890848444,0.016937078976959577,0.3092621864252901
github,dm_mathematics,pQ:dm_mathematics,0.7094894002981443,0.018296517192373365,-0.3151863874823866,0.02392097785653497,-0.29411789192594523
github,github,pQ:github,0.4784535320008694,0.054002748429485485,-0.4655263654744023,-0.14430685911837599,0.6850049311505172
github,philpapers,pQ:philpapers,0.7094894002981443,0.0037764863724578344,-8.792734907682613,0.07447946721671019,-0.9928216038409553
github,stackexchange,pQ:stackexchange,0.6028669215424124,0.06063610151117127,-0.3412444028889132,-0.060996075091983966,0.6050487374391672
github,enron_emails,pQ:enron_emails,0.6061136105391851,0.0014033441253024396,-31.863877299562986,0.11927120164918234,-1.2844178433960665
github,gutenberg_pg_19,pQ:gutenberg_pg_19,0.4994921312324439,0.02364262754500234,-0.3017194193320913,0.026383553081323927,0.10217515160788634
github,pile_cc,pQ:pile_cc,0.6061136105391851,0.07117102505254637,-0.10177236889468885,0.011374509609073243,0.8062879751385065
github,ubuntu_irc,pQ:ubuntu_irc,0.6061136105391851,0.012362533461808227,-0.8099417204098146,0.01743262216148629,-0.3752296777092186
github,europarl,pQ:europarl,0.6061136105391851,0.007921340639839427,-3.1143501132345595,0.04518310233036404,-0.5876965044640093
github,hackernews,pQ:hackernews,0.6061136105391851,0.0071277504470613935,-3.3375722348026757,0.04435457270410354,-0.6557736934906878
github,pubmed_abstracts,pQ:pubmed_abstracts,0.7094894002981443,0.045952754911802916,-0.17062117002096855,0.02427021798479833,0.16775474399575238
github,uspto_backgrounds,pQ:uspto_backgrounds,0.6061136105391851,0.04547854256135763,0.17289587890396288,0.013016882774498348,0.36543386682024454
stackexchange,arxiv,pQ:arxiv,0.7094894002981443,0.08006470699430575,0.332228416832788,-0.003698880275508429,0.7252982371825355
stackexchange,freelaw,pQ:freelaw,0.6061136105391851,0.05562685017565562,0.3374895216299306,0.01596581677054004,0.4823102453255607
stackexchange,nih_exporter,pQ:nih_exporter,0.6061136105391851,0.0036102893288422603,-5.761676023697809,0.03976612716407233,-0.9325742030583133
stackexchange,pubmed_central,pQ:pubmed_central,0.7094894002981443,0.0829569948648906,0.39954851943993375,0.005180876016327881,0.8740553427997371
stackexchange,wikipedia_en,pQ:wikipedia_en,0.5956867175934197,0.04511656067394484,0.10225795988753662,0.013013770096393764,0.3092621864252901
stackexchange,dm_mathematics,pQ:dm_mathematics,0.7094894002981443,0.018296517192373365,-0.44750882250685353,0.025269306568938683,-0.29411789192594523
stackexchange,github,pQ:github,0.4784535320008694,0.054002748429485485,-0.42123924785567823,-0.04669547830794432,0.6850049311505172
stackexchange,philpapers,pQ:philpapers,0.7094894002981443,0.0037764863724578344,-8.243506026752883,0.06831492876729196,-0.9928216038409553
stackexchange,stackexchange,pQ:stackexchange,0.6028669215424124,0.06063610151117127,-0.47726074695465875,-0.13087948397054502,0.6050487374391672
stackexchange,enron_emails,pQ:enron_emails,0.6061136105391851,0.0014033441253024396,-27.69222131347931,0.10920679149818097,-1.2844178433960665
stackexchange,gutenberg_pg_19,pQ:gutenberg_pg_19,0.4994921312324439,0.02364262754500234,-0.18145356592059075,0.02386884777908113,0.10217515160788634
stackexchange,pile_cc,pQ:pile_cc,0.6061136105391851,0.07117102505254637,-0.17203600449085188,0.0052577361548694955,0.8062879751385065
stackexchange,ubuntu_irc,pQ:ubuntu_irc,0.6061136105391851,0.012362533461808227,-0.7812351743361763,0.01118925229655059,-0.3752296777092186
stackexchange,europarl,pQ:europarl,0.6061136105391851,0.007921340639839427,-3.0217087129173317,0.043762015359640825,-0.5876965044640093
stackexchange,hackernews,pQ:hackernews,0.6061136105391851,0.0071277504470613935,-3.330666292812127,0.03611400416749036,-0.6557736934906878
stackexchange,pubmed_abstracts,pQ:pubmed_abstracts,0.7094894002981443,0.045952754911802916,-0.11809163655202053,0.023414255370913555,0.16775474399575238
stackexchange,uspto_backgrounds,pQ:uspto_backgrounds,0.6061136105391851,0.04547854256135763,0.16274426871820985,0.011612000323881877,0.36543386682024454
gutenberg_pg_19,arxiv,pQ:arxiv,0.7094894002981443,0.08006470699430575,0.2644178837389498,0.007265147255763099,0.7252982371825355
gutenberg_pg_19,freelaw,pQ:freelaw,0.6061136105391851,0.05562685017565562,-0.12660996644168176,-0.013840468410243688,0.4823102453255607
gutenberg_pg_19,nih_exporter,pQ:nih_exporter,0.6061136105391851,0.0036102893288422603,-4.1007015992984766,0.0350373992572194,-0.9325742030583133
gutenberg_pg_19,pubmed_central,pQ:pubmed_central,0.7094894002981443,0.0829569948648906,0.2618803480588638,0.0052819577244858475,0.8740553427997371
gutenberg_pg_19,wikipedia_en,pQ:wikipedia_en,0.5956867175934197,0.04511656067394484,-0.2651786047992115,-0.0002083988649194785,0.3092621864252901
gutenberg_pg_19,dm_mathematics,pQ:dm_mathematics,0.7094894002981443,0.018296517192373365,0.04260527528086574,0.010213915674017538,-0.29411789192594523
gutenberg_pg_19,github,pQ:github,0.4784535320008694,0.054002748429485485,0.4512453407426919,0.006905711044715707,0.6850049311505172
gutenberg_pg_19,philpapers,pQ:philpapers,0.7094894002981443,0.0037764863724578344,-6.069080214179105,0.042125978457935635,-0.9928216038409553
gutenberg_pg_19,stackexchange,pQ:stackexchange,0.6028669215424124,0.06063610151117127,0.1441091128201379,0.004216843851250733,0.6050487374391672
gutenberg_pg_19,enron_emails,pQ:enron_emails,0.6061136105391851,0.0014033441253024396,-25.990204567227632,0.08303784873221463,-1.2844178433960665
gutenberg_pg_19,gutenberg_pg_19,pQ:gutenberg_pg_19,0.4994921312324439,0.02364262754500234,-1.0020789650318307,-0.09869832706898796,0.10217515160788634
gutenberg_pg_19,pile_cc,pQ:pile_cc,0.6061136105391851,0.07117102505254637,-0.5263521763706648,-0.0201789226800245,0.8062879751385065
gutenberg_pg_19,ubuntu_irc,pQ:ubuntu_irc,0.6061136105391851,0.012362533461808227,-0.4599159914910573,0.01861927467988376,-0.3752296777092186
gutenberg_pg_19,europarl,pQ:europarl,0.6061136105391851,0.007921340639839427,-1.0283163952963104,0.016031416205003417,-0.5876965044640093
gutenberg_pg_19,hackernews,pQ:hackernews,0.6061136105391851,0.0071277504470613935,-2.42056378150001,0.008205808241759763,-0.6557736934906878
gutenberg_pg_19,pubmed_abstracts,pQ:pubmed_abstracts,0.7094894002981443,0.045952754911802916,-0.019315013569523292,0.01285174095031168,0.16775474399575238
gutenberg_pg_19,uspto_backgrounds,pQ:uspto_backgrounds,0.6061136105391851,0.04547854256135763,-0.039874721262571196,0.013334394155126841,0.36543386682024454
pile_cc,arxiv,pQ:arxiv,0.7094894002981443,0.08006470699430575,0.3191079644983655,0.006712439354526306,0.7252982371825355
pile_cc,freelaw,pQ:freelaw,0.6061136105391851,0.05562685017565562,0.0961761907394388,-0.004087998993440803,0.4823102453255607
pile_cc,nih_exporter,pQ:nih_exporter,0.6061136105391851,0.0036102893288422603,-3.960064314750249,0.029968889684536044,-0.9325742030583133
pile_cc,pubmed_central,pQ:pubmed_central,0.7094894002981443,0.0829569948648906,0.12465811908305066,0.005924143406486807,0.8740553427997371
pile_cc,wikipedia_en,pQ:wikipedia_en,0.5956867175934197,0.04511656067394484,-0.4304612667924174,-0.0156286753423878,0.3092621864252901
pile_cc,dm_mathematics,pQ:dm_mathematics,0.7094894002981443,0.018296517192373365,0.01338619865932245,0.014021437212443193,-0.29411789192594523
pile_cc,github,pQ:github,0.4784535320008694,0.054002748429485485,0.6815328473914563,0.00610132762148054,0.6850049311505172
pile_cc,philpapers,pQ:philpapers,0.7094894002981443,0.0037764863724578344,-4.756021005604126,0.03353873993134058,-0.9928216038409553
pile_cc,stackexchange,pQ:stackexchange,0.6028669215424124,0.06063610151117127,0.08810015644169415,-0.00418435305810394,0.6050487374391672
pile_cc,enron_emails,pQ:enron_emails,0.6061136105391851,0.0014033441253024396,-22.458601942115223,0.07791119600310578,-1.2844178433960665
pile_cc,gutenberg_pg_19,pQ:gutenberg_pg_19,0.4994921312324439,0.02364262754500234,-0.2575290751430864,0.0018868156541398792,0.10217515160788634
pile_cc,pile_cc,pQ:pile_cc,0.6061136105391851,0.07117102505254637,-0.8050577961421299,-0.05866570144236374,0.8062879751385065
pile_cc,ubuntu_irc,pQ:ubuntu_irc,0.6061136105391851,0.012362533461808227,0.3352496006404526,-0.01271083579871917,-0.3752296777092186
pile_cc,europarl,pQ:europarl,0.6061136105391851,0.007921340639839427,-1.4161088584767296,0.025096325978892192,-0.5876965044640093
pile_cc,hackernews,pQ:hackernews,0.6061136105391851,0.0071277504470613935,-2.5563509387838605,0.016345625936404835,-0.6557736934906878
pile_cc,pubmed_abstracts,pQ:pubmed_abstracts,0.7094894002981443,0.045952754911802916,0.007466266835477172,0.007344053022315822,0.16775474399575238
pile_cc,uspto_backgrounds,pQ:uspto_backgrounds,0.6061136105391851,0.04547854256135763,-0.02049033364662241,0.008794391353742308,0.36543386682024454
ubuntu_irc,arxiv,pQ:arxiv,0.7094894002981443,0.08006470699430575,0.16133467570393042,0.0026288882278248512,0.7252982371825355
ubuntu_irc,freelaw,pQ:freelaw,0.6061136105391851,0.05562685017565562,0.19326126408043393,0.00493587679110987,0.4823102453255607
ubuntu_irc,nih_exporter,pQ:nih_exporter,0.6061136105391851,0.0036102893288422603,-9.328469891558337,0.06307049721079198,-0.9325742030583133
ubuntu_irc,pubmed_central,pQ:pubmed_central,0.7094894002981443,0.0829569948648906,0.24414594765216277,0.0012157251429282098,0.8740553427997371
ubuntu_irc,wikipedia_en,pQ:wikipedia_en,0.5956867175934197,0.04511656067394484,0.06084077417912046,0.004928432888227091,0.3092621864252901
ubuntu_irc,dm_mathematics,pQ:dm_mathematics,0.7094894002981443,0.018296517192373365,-0.200242429555815,0.011380741773006612,-0.29411789192594523
ubuntu_irc,github,pQ:github,0.4784535320008694,0.054002748429485485,-0.04113297611333561,0.007278320454661564,0.6850049311505172
ubuntu_irc,philpapers,pQ:philpapers,0.7094894002981443,0.0037764863724578344,-9.710152360895316,0.05850065890770509,-0.9928216038409553
ubuntu_irc,stackexchange,pQ:stackexchange,0.6028669215424124,0.06063610151117127,-0.1235668203993374,-0.006197968183737735,0.6050487374391672
ubuntu_irc,enron_emails,pQ:enron_emails,0.6061136105391851,0.0014033441253024396,-45.023481927301894,0.15228334412372382,-1.2844178433960665
ubuntu_irc,gutenberg_pg_19,pQ:gutenberg_pg_19,0.4994921312324439,0.02364262754500234,-0.6734247591198198,0.016087646421237105,0.10217515160788634
ubuntu_irc,pile_cc,pQ:pile_cc,0.6061136105391851,0.07117102505254637,-0.15052017602330714,-0.0012798351182651494,0.8062879751385065
ubuntu_irc,ubuntu_irc,pQ:ubuntu_irc,0.6061136105391851,0.012362533461808227,2.821286272603541,-0.2860819483085244,-0.3752296777092186
ubuntu_irc,europarl,pQ:europarl,0.6061136105391851,0.007921340639839427,-3.287207461954414,0.011970833509993228,-0.5876965044640093
ubuntu_irc,hackernews,pQ:hackernews,0.6061136105391851,0.0071277504470613935,-4.273469241028345,0.03594213950437477,-0.6557736934906878
ubuntu_irc,pubmed_abstracts,pQ:pubmed_abstracts,0.7094894002981443,0.045952754911802916,-0.1533219567881261,0.01665477009116322,0.16775474399575238
ubuntu_irc,uspto_backgrounds,pQ:uspto_backgrounds,0.6061136105391851,0.04547854256135763,-0.14683866156303899,0.014626830556466477,0.36543386682024454
hackernews,arxiv,pQ:arxiv,0.7094894002981443,0.08006470699430575,0.2892811163812932,0.0029485534512552927,0.7252982371825355
hackernews,freelaw,pQ:freelaw,0.6061136105391851,0.05562685017565562,0.1043756617228162,-0.0019109315298109575,0.4823102453255607
hackernews,nih_exporter,pQ:nih_exporter,0.6061136105391851,0.0036102893288422603,-5.322413091143805,0.03520580917578057,-0.9325742030583133
hackernews,pubmed_central,pQ:pubmed_central,0.7094894002981443,0.0829569948648906,0.31040917092236225,0.0013023683600253298,0.8740553427997371
hackernews,wikipedia_en,pQ:wikipedia_en,0.5956867175934197,0.04511656067394484,0.014564272248053092,0.00340079705377402,0.3092621864252901
hackernews,dm_mathematics,pQ:dm_mathematics,0.7094894002981443,0.018296517192373365,-0.13026046721869847,0.01153001994590426,-0.29411789192594523
hackernews,github,pQ:github,0.4784535320008694,0.054002748429485485,0.1928125075971554,0.0032621425963958984,0.6850049311505172
hackernews,philpapers,pQ:philpapers,0.7094894002981443,0.0037764863724578344,-7.392434098410736,0.052971047949297446,-0.9928216038409553
hackernews,stackexchange,pQ:stackexchange,0.6028669215424124,0.06063610151117127,-0.08839856672650734,-0.014355657297664184,0.6050487374391672
hackernews,enron_emails,pQ:enron_emails,0.6061136105391851,0.0014033441253024396,-28.82196058625313,0.08716994220721025,-1.2844178433960665
hackernews,gutenberg_pg_19,pQ:gutenberg_pg_19,0.4994921312324439,0.02364262754500234,-0.251130903860169,-0.0026909866608444757,0.10217515160788634
hackernews,pile_cc,pQ:pile_cc,0.6061136105391851,0.07117102505254637,-0.5659953026958946,-0.020274558920887555,0.8062879751385065
hackernews,ubuntu_irc,pQ:ubuntu_irc,0.6061136105391851,0.012362533461808227,-0.8004554955974327,0.0053743070388410155,-0.3752296777092186
hackernews,europarl,pQ:europarl,0.6061136105391851,0.007921340639839427,-1.8974439785484534,0.025998307491330398,-0.5876965044640093
hackernews,hackernews,pQ:hackernews,0.6061136105391851,0.0071277504470613935,-1.6126309760317932,-0.11869570773105437,-0.6557736934906878
hackernews,pubmed_abstracts,pQ:pubmed_abstracts,0.7094894002981443,0.045952754911802916,-0.08954851722825916,0.01086583269456186,0.16775474399575238
hackernews,uspto_backgrounds,pQ:uspto_backgrounds,0.6061136105391851,0.04547854256135763,-0.03573030071129397,0.010007924698058335,0.36543386682024454
pubmed_abstracts,arxiv,pQ:arxiv,0.7094894002981443,0.08006470699430575,0.29872679021547377,0.0032323159392498996,0.7252982371825355
pubmed_abstracts,freelaw,pQ:freelaw,0.6061136105391851,0.05562685017565562,0.5509544501306302,0.002912321914062039,0.4823102453255607
pubmed_abstracts,nih_exporter,pQ:nih_exporter,0.6061136105391851,0.0036102893288422603,-9.770909467284364,0.022130682343399904,-0.9325742030583133
pubmed_abstracts,pubmed_central,pQ:pubmed_central,0.7094894002981443,0.0829569948648906,-0.7729255778091693,-0.04650852019108361,0.8740553427997371
pubmed_abstracts,wikipedia_en,pQ:wikipedia_en,0.5956867175934197,0.04511656067394484,-0.26965864445641846,0.0164019366600307,0.3092621864252901
pubmed_abstracts,dm_mathematics,pQ:dm_mathematics,0.7094894002981443,0.018296517192373365,0.017918054645642403,0.020616415662744542,-0.29411789192594523
pubmed_abstracts,github,pQ:github,0.4784535320008694,0.054002748429485485,1.3995659262116376,-0.0002945551615151897,0.6850049311505172
pubmed_abstracts,philpapers,pQ:philpapers,0.7094894002981443,0.0037764863724578344,-8.66963729346737,0.06788586930552255,-0.9928216038409553
pubmed_abstracts,stackexchange,pQ:stackexchange,0.6028669215424124,0.06063610151117127,0.6975502204879613,-0.0038273120408975504,0.6050487374391672
pubmed_abstracts,enron_emails,pQ:enron_emails,0.6061136105391851,0.0014033441253024396,-31.430396265792,0.11793620344620974,-1.2844178433960665
pubmed_abstracts,gutenberg_pg_19,pQ:gutenberg_pg_19,0.4994921312324439,0.02364262754500234,0.01484257910760568,0.01440150311957711,0.10217515160788634
pubmed_abstracts,pile_cc,pQ:pile_cc,0.6061136105391851,0.07117102505254637,-0.3162152250808697,0.012553408909722879,0.8062879751385065
pubmed_abstracts,ubuntu_irc,pQ:ubuntu_irc,0.6061136105391851,0.012362533461808227,-0.31407818911674806,0.024574111401794208,-0.3752296777092186
pubmed_abstracts,europarl,pQ:europarl,0.6061136105391851,0.007921340639839427,-1.9474571866472292,0.03910623636107694,-0.5876965044640093
pubmed_abstracts,hackernews,pQ:hackernews,0.6061136105391851,0.0071277504470613935,-0.7759393913753575,0.027125386470732822,-0.6557736934906878
pubmed_abstracts,pubmed_abstracts,pQ:pubmed_abstracts,0.7094894002981443,0.045952754911802916,-1.5351519526022872,-0.10819533336236635,0.16775474399575238
pubmed_abstracts,uspto_backgrounds,pQ:uspto_backgrounds,0.6061136105391851,0.04547854256135763,-0.7359963055591086,0.004206877421146802,0.36543386682024454
uspto_backgrounds,arxiv,pQ:arxiv,0.7094894002981443,0.08006470699430575,0.137960300363276,0.003531489346989395,0.7252982371825355
uspto_backgrounds,freelaw,pQ:freelaw,0.6061136105391851,0.05562685017565562,0.19590974293614735,0.004186681449106312,0.4823102453255607
uspto_backgrounds,nih_exporter,pQ:nih_exporter,0.6061136105391851,0.0036102893288422603,-5.330610402159464,0.0320114024528273,-0.9325742030583133
uspto_backgrounds,pubmed_central,pQ:pubmed_central,0.7094894002981443,0.0829569948648906,-0.13014095531506967,0.002971906770771578,0.8740553427997371
uspto_backgrounds,wikipedia_en,pQ:wikipedia_en,0.5956867175934197,0.04511656067394484,-0.12867434675117775,0.007995820588774039,0.3092621864252901
uspto_backgrounds,dm_mathematics,pQ:dm_mathematics,0.7094894002981443,0.018296517192373365,-0.08728108826804162,0.015346802072267294,-0.29411789192594523
uspto_backgrounds,github,pQ:github,0.4784535320008694,0.054002748429485485,0.8078321474126643,0.002782123709689058,0.6850049311505172
uspto_backgrounds,philpapers,pQ:philpapers,0.7094894002981443,0.0037764863724578344,-4.777184293067859,0.04004657587417037,-0.9928216038409553
uspto_backgrounds,stackexchange,pQ:stackexchange,0.6028669215424124,0.06063610151117127,0.2421744124499846,0.002503193204787697,0.6050487374391672
uspto_backgrounds,enron_emails,pQ:enron_emails,0.6061136105391851,0.0014033441253024396,-21.768783827547633,0.08338892287756301,-1.2844178433960665
uspto_backgrounds,gutenberg_pg_19,pQ:gutenberg_pg_19,0.4994921312324439,0.02364262754500234,-0.1694852988128722,0.01363568881699468,0.10217515160788634
uspto_backgrounds,pile_cc,pQ:pile_cc,0.6061136105391851,0.07117102505254637,-0.30426466380455114,0.007262986041633365,0.8062879751385065
uspto_backgrounds,ubuntu_irc,pQ:ubuntu_irc,0.6061136105391851,0.012362533461808227,-0.02998391343545637,0.013920614817152772,-0.3752296777092186
uspto_backgrounds,europarl,pQ:europarl,0.6061136105391851,0.007921340639839427,-1.337778831011665,0.023221495579411215,-0.5876965044640093
uspto_backgrounds,hackernews,pQ:hackernews,0.6061136105391851,0.0071277504470613935,-0.9800542504665966,0.01970960197228898,-0.6557736934906878
uspto_backgrounds,pubmed_abstracts,pQ:pubmed_abstracts,0.7094894002981443,0.045952754911802916,-0.2624944986705672,-0.0002354414616345999,0.16775474399575238
uspto_backgrounds,uspto_backgrounds,pQ:uspto_backgrounds,0.6061136105391851,0.04547854256135763,-0.9061809820674358,-0.11659869100561629,0.36543386682024454
