group_id,coverage_state,publication_blocked,candidate_id,includes_baseline,maximum_regret_loss,maximum_relative_regret,minimax_loss_candidate,minimax_relative_candidate,analysis_purpose,source_version,state,expected_scenario_modes,available_scenario_modes,unique_candidates,common_feasible_candidates,rejected_candidates,baseline_in_common_set,publication_blocked_coverage,minimax_scope,analysis_purpose_coverage,source_version_coverage,budget,context,form,Q0,anchor_count,anchor_sha256,normalize_cost_endpoint,quality_cost_scale,eta_attention,search_protocol.starts,search_protocol.maxiter,search_protocol.seed,search_protocol.solver,search_protocol.max_model_evaluations_per_start
10ae41b391182cd2d801,computed_finite_candidate_set,False,534cd8638d292bfb2c3b,False,8.8679730225749154e-11,3.6195226153634206e-11,True,True,formal-analysis,V005,computed_finite_candidate_set,24,24,14,14,0,True,False,finite found common-feasible candidate set only; not a continuous/global robust optimum,formal-analysis,V005,1e+19,4096,exponential,0.62193265812784448,24,648d3c2dd4cd6cf5e8aa19afb3367c829892735767c0b54df5e97f9761f30fc3,False,1,0.00020000000000000001,3,450,20260924,SLSQP,
10ae41b391182cd2d801,computed_finite_candidate_set,False,633a22092cfd804255ae,False,2.5191049246586772e-10,1.0281895560647462e-10,True,True,formal-analysis,V005,computed_finite_candidate_set,24,24,14,14,0,True,False,finite found common-feasible candidate set only; not a continuous/global robust optimum,formal-analysis,V005,1e+19,4096,exponential,0.62193265812784448,24,648d3c2dd4cd6cf5e8aa19afb3367c829892735767c0b54df5e97f9761f30fc3,False,1,0.00020000000000000001,3,450,20260924,SLSQP,
10ae41b391182cd2d801,computed_finite_candidate_set,False,faf1bdc2bba2149f6e7c,False,0,0,True,True,formal-analysis,V005,computed_finite_candidate_set,24,24,14,14,0,True,False,finite found common-feasible candidate set only; not a continuous/global robust optimum,formal-analysis,V005,1e+19,4096,exponential,0.62193265812784448,24,648d3c2dd4cd6cf5e8aa19afb3367c829892735767c0b54df5e97f9761f30fc3,False,1,0.00020000000000000001,3,450,20260924,SLSQP,
10ae41b391182cd2d801,computed_finite_candidate_set,False,27ecdc2e3608aff76598,False,4.092282068768327e-11,1.6702923496323743e-11,True,True,formal-analysis,V005,computed_finite_candidate_set,24,24,14,14,0,True,False,finite found common-feasible candidate set only; not a continuous/global robust optimum,formal-analysis,V005,1e+19,4096,exponential,0.62193265812784448,24,648d3c2dd4cd6cf5e8aa19afb3367c829892735767c0b54df5e97f9761f30fc3,False,1,0.00020000000000000001,3,450,20260924,SLSQP,
10ae41b391182cd2d801,computed_finite_candidate_set,False,822fcf79e4bbcd7f9a1f,False,2.2122748077890719e-11,9.0295478772964036e-12,True,True,formal-analysis,V005,computed_finite_candidate_set,24,24,14,14,0,True,False,finite found common-feasible candidate set only; not a continuous/global robust optimum,formal-analysis,V005,1e+19,4096,exponential,0.62193265812784448,24,648d3c2dd4cd6cf5e8aa19afb3367c829892735767c0b54df5e97f9761f30fc3,False,1,0.00020000000000000001,3,450,20260924,SLSQP,
10ae41b391182cd2d801,computed_finite_candidate_set,False,472cf5fe205b6f4eb4a1,False,1.0021050655950603e-10,4.0901589784475729e-11,True,True,formal-analysis,V005,computed_finite_candidate_set,24,24,14,14,0,True,False,finite found common-feasible candidate set only; not a continuous/global robust optimum,formal-analysis,V005,1e+19,4096,exponential,0.62193265812784448,24,648d3c2dd4cd6cf5e8aa19afb3367c829892735767c0b54df5e97f9761f30fc3,False,1,0.00020000000000000001,3,450,20260924,SLSQP,
10ae41b391182cd2d801,computed_finite_candidate_set,False,35c9556b40b3685fd4d8,False,2.2247848008305482e-10,9.0806082522167993e-11,True,True,formal-analysis,V005,computed_finite_candidate_set,24,24,14,14,0,True,False,finite found common-feasible candidate set only; not a continuous/global robust optimum,formal-analysis,V005,1e+19,4096,exponential,0.62193265812784448,24,648d3c2dd4cd6cf5e8aa19afb3367c829892735767c0b54df5e97f9761f30fc3,False,1,0.00020000000000000001,3,450,20260924,SLSQP,
fb8c00c5e07efb77526d,computed_finite_candidate_set,False,9a977281b978460473fb,False,2.5277557824665564e-11,1.0317204616424852e-11,True,True,formal-analysis,V005,computed_finite_candidate_set,24,24,14,14,0,True,False,finite found common-feasible candidate set only; not a continuous/global robust optimum,formal-analysis,V005,1e+19,4096,power,0.62193265812784448,24,648d3c2dd4cd6cf5e8aa19afb3367c829892735767c0b54df5e97f9761f30fc3,False,1,0.00020000000000000001,3,450,20260924,SLSQP,
fb8c00c5e07efb77526d,computed_finite_candidate_set,False,633a22092cfd804255ae,False,2.3336266252727e-10,9.524853452330691e-11,True,True,formal-analysis,V005,computed_finite_candidate_set,24,24,14,14,0,True,False,finite found common-feasible candidate set only; not a continuous/global robust optimum,formal-analysis,V005,1e+19,4096,power,0.62193265812784448,24,648d3c2dd4cd6cf5e8aa19afb3367c829892735767c0b54df5e97f9761f30fc3,False,1,0.00020000000000000001,3,450,20260924,SLSQP,
fb8c00c5e07efb77526d,computed_finite_candidate_set,False,2f563e64f3dffbb81bdf,False,5.6274984672199935e-12,2.296901210459166e-12,True,True,formal-analysis,V005,computed_finite_candidate_set,24,24,14,14,0,True,False,finite found common-feasible candidate set only; not a continuous/global robust optimum,formal-analysis,V005,1e+19,4096,power,0.62193265812784448,24,648d3c2dd4cd6cf5e8aa19afb3367c829892735767c0b54df5e97f9761f30fc3,False,1,0.00020000000000000001,3,450,20260924,SLSQP,
fb8c00c5e07efb77526d,computed_finite_candidate_set,False,1d68cf3d8dfcde1d5a72,False,3.5283775901007175e-11,1.4401309578077781e-11,True,True,formal-analysis,V005,computed_finite_candidate_set,24,24,14,14,0,True,False,finite found common-feasible candidate set only; not a continuous/global robust optimum,formal-analysis,V005,1e+19,4096,power,0.62193265812784448,24,648d3c2dd4cd6cf5e8aa19afb3367c829892735767c0b54df5e97f9761f30fc3,False,1,0.00020000000000000001,3,450,20260924,SLSQP,
fb8c00c5e07efb77526d,computed_finite_candidate_set,False,a926ee6d82bd0f127da7,False,7.5401462851232282e-11,3.0775612343959227e-11,True,True,formal-analysis,V005,computed_finite_candidate_set,24,24,14,14,0,True,False,finite found common-feasible candidate set only; not a continuous/global robust optimum,formal-analysis,V005,1e+19,4096,power,0.62193265812784448,24,648d3c2dd4cd6cf5e8aa19afb3367c829892735767c0b54df5e97f9761f30fc3,False,1,0.00020000000000000001,3,450,20260924,SLSQP,
fb8c00c5e07efb77526d,computed_finite_candidate_set,False,2c7a3d3731ecb828066e,False,3.134692505568637e-11,1.2794457523885822e-11,True,True,formal-analysis,V005,computed_finite_candidate_set,24,24,14,14,0,True,False,finite found common-feasible candidate set only; not a continuous/global robust optimum,formal-analysis,V005,1e+19,4096,power,0.62193265812784448,24,648d3c2dd4cd6cf5e8aa19afb3367c829892735767c0b54df5e97f9761f30fc3,False,1,0.00020000000000000001,3,450,20260924,SLSQP,
fb8c00c5e07efb77526d,computed_finite_candidate_set,False,626c3d9d71d84ec9a6bb,False,0,0,True,True,formal-analysis,V005,computed_finite_candidate_set,24,24,14,14,0,True,False,finite found common-feasible candidate set only; not a continuous/global robust optimum,formal-analysis,V005,1e+19,4096,power,0.62193265812784448,24,648d3c2dd4cd6cf5e8aa19afb3367c829892735767c0b54df5e97f9761f30fc3,False,1,0.00020000000000000001,3,450,20260924,SLSQP,
851b55da09598357f8f5,computed_finite_candidate_set,False,d60005e77c8df3b79413,False,6.3570926300826613e-11,2.5946899572302525e-11,True,True,formal-analysis,V005,computed_finite_candidate_set,24,24,14,14,0,True,False,finite found common-feasible candidate set only; not a continuous/global robust optimum,formal-analysis,V005,1e+19,4096,log_asymptotic,0.62193265812784448,24,648d3c2dd4cd6cf5e8aa19afb3367c829892735767c0b54df5e97f9761f30fc3,False,1,0.00020000000000000001,3,450,20260924,SLSQP,
851b55da09598357f8f5,computed_finite_candidate_set,False,633a22092cfd804255ae,False,2.6464741509357737e-10,1.0801761593040092e-10,True,True,formal-analysis,V005,computed_finite_candidate_set,24,24,14,14,0,True,False,finite found common-feasible candidate set only; not a continuous/global robust optimum,formal-analysis,V005,1e+19,4096,log_asymptotic,0.62193265812784448,24,648d3c2dd4cd6cf5e8aa19afb3367c829892735767c0b54df5e97f9761f30fc3,False,1,0.00020000000000000001,3,450,20260924,SLSQP,
851b55da09598357f8f5,computed_finite_candidate_set,False,77f9f454dbe13e936aaa,False,5.6652904589782338e-11,2.3123262651769871e-11,True,True,formal-analysis,V005,computed_finite_candidate_set,24,24,14,14,0,True,False,finite found common-feasible candidate set only; not a continuous/global robust optimum,formal-analysis,V005,1e+19,4096,log_asymptotic,0.62193265812784448,24,648d3c2dd4cd6cf5e8aa19afb3367c829892735767c0b54df5e97f9761f30fc3,False,1,0.00020000000000000001,3,450,20260924,SLSQP,
851b55da09598357f8f5,computed_finite_candidate_set,False,a7d383b2350322fe403b,False,1.1644019082268642e-12,4.7525844175353804e-13,True,True,formal-analysis,V005,computed_finite_candidate_set,24,24,14,14,0,True,False,finite found common-feasible candidate set only; not a continuous/global robust optimum,formal-analysis,V005,1e+19,4096,log_asymptotic,0.62193265812784448,24,648d3c2dd4cd6cf5e8aa19afb3367c829892735767c0b54df5e97f9761f30fc3,False,1,0.00020000000000000001,3,450,20260924,SLSQP,
851b55da09598357f8f5,computed_finite_candidate_set,False,eefd6593c39d5aacad9f,False,1.148903194803097e-10,4.6893253800937386e-11,True,True,formal-analysis,V005,computed_finite_candidate_set,24,24,14,14,0,True,False,finite found common-feasible candidate set only; not a continuous/global robust optimum,formal-analysis,V005,1e+19,4096,log_asymptotic,0.62193265812784448,24,648d3c2dd4cd6cf5e8aa19afb3367c829892735767c0b54df5e97f9761f30fc3,False,1,0.00020000000000000001,3,450,20260924,SLSQP,
851b55da09598357f8f5,computed_finite_candidate_set,False,481a57705c3fce2b68d0,False,2.4200152992648327e-10,9.8774546144443661e-11,True,True,formal-analysis,V005,computed_finite_candidate_set,24,24,14,14,0,True,False,finite found common-feasible candidate set only; not a continuous/global robust optimum,formal-analysis,V005,1e+19,4096,log_asymptotic,0.62193265812784448,24,648d3c2dd4cd6cf5e8aa19afb3367c829892735767c0b54df5e97f9761f30fc3,False,1,0.00020000000000000001,3,450,20260924,SLSQP,
851b55da09598357f8f5,computed_finite_candidate_set,False,90fd254fe638c0eb428c,False,0,0,True,True,formal-analysis,V005,computed_finite_candidate_set,24,24,14,14,0,True,False,finite found common-feasible candidate set only; not a continuous/global robust optimum,formal-analysis,V005,1e+19,4096,log_asymptotic,0.62193265812784448,24,648d3c2dd4cd6cf5e8aa19afb3367c829892735767c0b54df5e97f9761f30fc3,False,1,0.00020000000000000001,3,450,20260924,SLSQP,
f0b331eca0a4f19167ef,computed_finite_candidate_set,False,59786173fea9227cf10d,False,2.3325785747374539e-11,1.0234038150477251e-11,True,True,formal-analysis,V005,computed_finite_candidate_set,24,24,12,12,0,True,False,finite found common-feasible candidate set only; not a continuous/global robust optimum,formal-analysis,V005,3e+19,4096,exponential,0.62193265812784448,24,648d3c2dd4cd6cf5e8aa19afb3367c829892735767c0b54df5e97f9761f30fc3,False,1,0.00020000000000000001,3,450,20260924,SLSQP,
f0b331eca0a4f19167ef,computed_finite_candidate_set,False,a9da575bf70658ea3848,False,2.3681057115254589e-11,1.038991117323559e-11,True,True,formal-analysis,V005,computed_finite_candidate_set,24,24,12,12,0,True,False,finite found common-feasible candidate set only; not a continuous/global robust optimum,formal-analysis,V005,3e+19,4096,exponential,0.62193265812784448,24,648d3c2dd4cd6cf5e8aa19afb3367c829892735767c0b54df5e97f9761f30fc3,False,1,0.00020000000000000001,3,450,20260924,SLSQP,
f0b331eca0a4f19167ef,computed_finite_candidate_set,False,ca105797e4316946cd6e,False,0,0,True,True,formal-analysis,V005,computed_finite_candidate_set,24,24,12,12,0,True,False,finite found common-feasible candidate set only; not a continuous/global robust optimum,formal-analysis,V005,3e+19,4096,exponential,0.62193265812784448,24,648d3c2dd4cd6cf5e8aa19afb3367c829892735767c0b54df5e97f9761f30fc3,False,1,0.00020000000000000001,3,450,20260924,SLSQP,
f0b331eca0a4f19167ef,computed_finite_candidate_set,False,58e02f24998e526a6342,False,2.368549800735309e-11,1.0391859586020069e-11,True,True,formal-analysis,V005,computed_finite_candidate_set,24,24,12,12,0,True,False,finite found common-feasible candidate set only; not a continuous/global robust optimum,formal-analysis,V005,3e+19,4096,exponential,0.62193265812784448,24,648d3c2dd4cd6cf5e8aa19afb3367c829892735767c0b54df5e97f9761f30fc3,False,1,0.00020000000000000001,3,450,20260924,SLSQP,
f0b331eca0a4f19167ef,computed_finite_candidate_set,False,26de48daa60aec4e7ff4,False,2.3567370277532973e-11,1.0340031805952922e-11,True,True,formal-analysis,V005,computed_finite_candidate_set,24,24,12,12,0,True,False,finite found common-feasible candidate set only; not a continuous/global robust optimum,formal-analysis,V005,3e+19,4096,exponential,0.62193265812784448,24,648d3c2dd4cd6cf5e8aa19afb3367c829892735767c0b54df5e97f9761f30fc3,False,1,0.00020000000000000001,3,450,20260924,SLSQP,
f0b331eca0a4f19167ef,computed_finite_candidate_set,False,ecf61aab518a8c2b6667,False,2.3395507753320999e-11,1.0264628231193575e-11,True,True,formal-analysis,V005,computed_finite_candidate_set,24,24,12,12,0,True,False,finite found common-feasible candidate set only; not a continuous/global robust optimum,formal-analysis,V005,3e+19,4096,exponential,0.62193265812784448,24,648d3c2dd4cd6cf5e8aa19afb3367c829892735767c0b54df5e97f9761f30fc3,False,1,0.00020000000000000001,3,450,20260924,SLSQP,
f0b331eca0a4f19167ef,computed_finite_candidate_set,False,4332afe8091406b8323c,False,2.3779200830631453e-11,1.0432971095772581e-11,True,True,formal-analysis,V005,computed_finite_candidate_set,24,24,12,12,0,True,False,finite found common-feasible candidate set only; not a continuous/global robust optimum,formal-analysis,V005,3e+19,4096,exponential,0.62193265812784448,24,648d3c2dd4cd6cf5e8aa19afb3367c829892735767c0b54df5e97f9761f30fc3,False,1,0.00020000000000000001,3,450,20260924,SLSQP,
bf97fbfbb03cd314977f,computed_finite_candidate_set,False,99a4532d317faa233723,False,0,0,True,True,formal-analysis,V005,computed_finite_candidate_set,24,24,14,14,0,True,False,finite found common-feasible candidate set only; not a continuous/global robust optimum,formal-analysis,V005,3e+19,4096,power,0.62193265812784448,24,648d3c2dd4cd6cf5e8aa19afb3367c829892735767c0b54df5e97f9761f30fc3,False,1,0.00020000000000000001,3,450,20260924,SLSQP,
bf97fbfbb03cd314977f,computed_finite_candidate_set,False,a9da575bf70658ea3848,False,2.5046631435543532e-13,1.0989048104349992e-13,True,True,formal-analysis,V005,computed_finite_candidate_set,24,24,14,14,0,True,False,finite found common-feasible candidate set only; not a continuous/global robust optimum,formal-analysis,V005,3e+19,4096,power,0.62193265812784448,24,648d3c2dd4cd6cf5e8aa19afb3367c829892735767c0b54df5e97f9761f30fc3,False,1,0.00020000000000000001,3,450,20260924,SLSQP,
bf97fbfbb03cd314977f,computed_finite_candidate_set,False,f65aa7b90fd5c0387a88,False,1.9984014443252818e-14,8.7678575300664829e-15,True,True,formal-analysis,V005,computed_finite_candidate_set,24,24,14,14,0,True,False,finite found common-feasible candidate set only; not a continuous/global robust optimum,formal-analysis,V005,3e+19,4096,power,0.62193265812784448,24,648d3c2dd4cd6cf5e8aa19afb3367c829892735767c0b54df5e97f9761f30fc3,False,1,0.00020000000000000001,3,450,20260924,SLSQP,
bf97fbfbb03cd314977f,computed_finite_candidate_set,False,885aac8fa4701ec69446,False,1.2079226507921703e-13,5.2996827737290737e-14,True,True,formal-analysis,V005,computed_finite_candidate_set,24,24,14,14,0,True,False,finite found common-feasible candidate set only; not a continuous/global robust optimum,formal-analysis,V005,3e+19,4096,power,0.62193265812784448,24,648d3c2dd4cd6cf5e8aa19afb3367c829892735767c0b54df5e97f9761f30fc3,False,1,0.00020000000000000001,3,450,20260924,SLSQP,
bf97fbfbb03cd314977f,computed_finite_candidate_set,False,b1436751ec189bd7915e,False,3.2596148002994596e-13,1.4301349837930662e-13,True,True,formal-analysis,V005,computed_finite_candidate_set,24,24,14,14,0,True,False,finite found common-feasible candidate set only; not a continuous/global robust optimum,formal-analysis,V005,3e+19,4096,power,0.62193265812784448,24,648d3c2dd4cd6cf5e8aa19afb3367c829892735767c0b54df5e97f9761f30fc3,False,1,0.00020000000000000001,3,450,20260924,SLSQP,
bf97fbfbb03cd314977f,computed_finite_candidate_set,False,f805bdf0ed02cf946d2e,False,6.5725203057809267e-14,2.883650920999643e-14,True,True,formal-analysis,V005,computed_finite_candidate_set,24,24,14,14,0,True,False,finite found common-feasible candidate set only; not a continuous/global robust optimum,formal-analysis,V005,3e+19,4096,power,0.62193265812784448,24,648d3c2dd4cd6cf5e8aa19afb3367c829892735767c0b54df5e97f9761f30fc3,False,1,0.00020000000000000001,3,450,20260924,SLSQP,
bf97fbfbb03cd314977f,computed_finite_candidate_set,False,1a09e2deff4fd9fde46c,False,3.7791991758240329e-13,1.6580992795747948e-13,True,True,formal-analysis,V005,computed_finite_candidate_set,24,24,14,14,0,True,False,finite found common-feasible candidate set only; not a continuous/global robust optimum,formal-analysis,V005,3e+19,4096,power,0.62193265812784448,24,648d3c2dd4cd6cf5e8aa19afb3367c829892735767c0b54df5e97f9761f30fc3,False,1,0.00020000000000000001,3,450,20260924,SLSQP,
827a4a70fa3a1398642c,computed_finite_candidate_set,False,fdb1ead078eb1c5da900,False,3.1661784305470064e-11,1.3891403788271333e-11,True,True,formal-analysis,V005,computed_finite_candidate_set,24,24,14,14,0,True,False,finite found common-feasible candidate set only; not a continuous/global robust optimum,formal-analysis,V005,3e+19,4096,log_asymptotic,0.62193265812784448,24,648d3c2dd4cd6cf5e8aa19afb3367c829892735767c0b54df5e97f9761f30fc3,False,1,0.00020000000000000001,3,450,20260924,SLSQP,
827a4a70fa3a1398642c,computed_finite_candidate_set,False,a9da575bf70658ea3848,False,3.1570746017450801e-11,1.385146132618937e-11,True,True,formal-analysis,V005,computed_finite_candidate_set,24,24,14,14,0,True,False,finite found common-feasible candidate set only; not a continuous/global robust optimum,formal-analysis,V005,3e+19,4096,log_asymptotic,0.62193265812784448,24,648d3c2dd4cd6cf5e8aa19afb3367c829892735767c0b54df5e97f9761f30fc3,False,1,0.00020000000000000001,3,450,20260924,SLSQP,
827a4a70fa3a1398642c,computed_finite_candidate_set,False,5bfe5b8fdefa3c3f2470,False,3.1411317991114629e-11,1.3781513307226324e-11,True,True,formal-analysis,V005,computed_finite_candidate_set,24,24,14,14,0,True,False,finite found common-feasible candidate set only; not a continuous/global robust optimum,formal-analysis,V005,3e+19,4096,log_asymptotic,0.62193265812784448,24,648d3c2dd4cd6cf5e8aa19afb3367c829892735767c0b54df5e97f9761f30fc3,False,1,0.00020000000000000001,3,450,20260924,SLSQP,
827a4a70fa3a1398642c,computed_finite_candidate_set,False,415746287b908f0e9ded,False,3.1722180438009673e-11,1.3917902202140342e-11,True,True,formal-analysis,V005,computed_finite_candidate_set,24,24,14,14,0,True,False,finite found common-feasible candidate set only; not a continuous/global robust optimum,formal-analysis,V005,3e+19,4096,log_asymptotic,0.62193265812784448,24,648d3c2dd4cd6cf5e8aa19afb3367c829892735767c0b54df5e97f9761f30fc3,False,1,0.00020000000000000001,3,450,20260924,SLSQP,
827a4a70fa3a1398642c,computed_finite_candidate_set,False,dcf776e2e52344e636a7,False,3.1654678878112463e-11,1.3888286327816154e-11,True,True,formal-analysis,V005,computed_finite_candidate_set,24,24,14,14,0,True,False,finite found common-feasible candidate set only; not a continuous/global robust optimum,formal-analysis,V005,3e+19,4096,log_asymptotic,0.62193265812784448,24,648d3c2dd4cd6cf5e8aa19afb3367c829892735767c0b54df5e97f9761f30fc3,False,1,0.00020000000000000001,3,450,20260924,SLSQP,
827a4a70fa3a1398642c,computed_finite_candidate_set,False,21f7d6ec1d20ecaeff75,False,0,0,True,True,formal-analysis,V005,computed_finite_candidate_set,24,24,14,14,0,True,False,finite found common-feasible candidate set only; not a continuous/global robust optimum,formal-analysis,V005,3e+19,4096,log_asymptotic,0.62193265812784448,24,648d3c2dd4cd6cf5e8aa19afb3367c829892735767c0b54df5e97f9761f30fc3,False,1,0.00020000000000000001,3,450,20260924,SLSQP,
827a4a70fa3a1398642c,computed_finite_candidate_set,False,9102433112b8ae322b28,False,3.1481484086270939e-11,1.3812298229221201e-11,True,True,formal-analysis,V005,computed_finite_candidate_set,24,24,14,14,0,True,False,finite found common-feasible candidate set only; not a continuous/global robust optimum,formal-analysis,V005,3e+19,4096,log_asymptotic,0.62193265812784448,24,648d3c2dd4cd6cf5e8aa19afb3367c829892735767c0b54df5e97f9761f30fc3,False,1,0.00020000000000000001,3,450,20260924,SLSQP,
a5098cef27b515785e3f,computed_finite_candidate_set,False,9fc9f58ccb7743e023c1,False,0.0019017393996416665,0.00089781031483593366,True,True,formal-analysis,V005,computed_finite_candidate_set,24,24,14,14,0,True,False,finite found common-feasible candidate set only; not a continuous/global robust optimum,formal-analysis,V005,1e+20,4096,exponential,0.62193265812784448,24,648d3c2dd4cd6cf5e8aa19afb3367c829892735767c0b54df5e97f9761f30fc3,False,1,0.00020000000000000001,3,450,20260924,SLSQP,
a5098cef27b515785e3f,computed_finite_candidate_set,False,0d239007273eff90220c,False,0.0019017394628688677,0.00089781034468546688,True,True,formal-analysis,V005,computed_finite_candidate_set,24,24,14,14,0,True,False,finite found common-feasible candidate set only; not a continuous/global robust optimum,formal-analysis,V005,1e+20,4096,exponential,0.62193265812784448,24,648d3c2dd4cd6cf5e8aa19afb3367c829892735767c0b54df5e97f9761f30fc3,False,1,0.00020000000000000001,3,450,20260924,SLSQP,
a5098cef27b515785e3f,computed_finite_candidate_set,False,92343096c4b8d06b69a6,False,0.0019017394158442613,0.00089781032248517135,True,True,formal-analysis,V005,computed_finite_candidate_set,24,24,14,14,0,True,False,finite found common-feasible candidate set only; not a continuous/global robust optimum,formal-analysis,V005,1e+20,4096,exponential,0.62193265812784448,24,648d3c2dd4cd6cf5e8aa19afb3367c829892735767c0b54df5e97f9761f30fc3,False,1,0.00020000000000000001,3,450,20260924,SLSQP,
a5098cef27b515785e3f,computed_finite_candidate_set,False,730f6f2ff3b8969e013f,False,0.0019017394933302789,0.00089781035906628546,True,True,formal-analysis,V005,computed_finite_candidate_set,24,24,14,14,0,True,False,finite found common-feasible candidate set only; not a continuous/global robust optimum,formal-analysis,V005,1e+20,4096,exponential,0.62193265812784448,24,648d3c2dd4cd6cf5e8aa19afb3367c829892735767c0b54df5e97f9761f30fc3,False,1,0.00020000000000000001,3,450,20260924,SLSQP,
a5098cef27b515785e3f,computed_finite_candidate_set,False,fbb640ed11aa222793da,False,0.001901739541916303,0.0008978103820037255,True,True,formal-analysis,V005,computed_finite_candidate_set,24,24,14,14,0,True,False,finite found common-feasible candidate set only; not a continuous/global robust optimum,formal-analysis,V005,1e+20,4096,exponential,0.62193265812784448,24,648d3c2dd4cd6cf5e8aa19afb3367c829892735767c0b54df5e97f9761f30fc3,False,1,0.00020000000000000001,3,450,20260924,SLSQP,
a5098cef27b515785e3f,computed_finite_candidate_set,False,86eb33369a045279ce0e,False,0.0019017394112905706,0.00089781032033537603,True,True,formal-analysis,V005,computed_finite_candidate_set,24,24,14,14,0,True,False,finite found common-feasible candidate set only; not a continuous/global robust optimum,formal-analysis,V005,1e+20,4096,exponential,0.62193265812784448,24,648d3c2dd4cd6cf5e8aa19afb3367c829892735767c0b54df5e97f9761f30fc3,False,1,0.00020000000000000001,3,450,20260924,SLSQP,
22c883ea3fd1d8312b9e,computed_finite_candidate_set,False,5d83aad007f60cdbf26a,False,1.1473888505975083e-10,5.4119586883054068e-11,True,True,formal-analysis,V005,computed_finite_candidate_set,24,24,14,14,0,True,False,finite found common-feasible candidate set only; not a continuous/global robust optimum,formal-analysis,V005,1e+20,4096,power,0.62193265812784448,24,648d3c2dd4cd6cf5e8aa19afb3367c829892735767c0b54df5e97f9761f30fc3,False,1,0.00020000000000000001,3,450,20260924,SLSQP,
22c883ea3fd1d8312b9e,computed_finite_candidate_set,False,0d239007273eff90220c,False,3.5685676635921482e-11,1.6832079867018009e-11,True,True,formal-analysis,V005,computed_finite_candidate_set,24,24,14,14,0,True,False,finite found common-feasible candidate set only; not a continuous/global robust optimum,formal-analysis,V005,1e+20,4096,power,0.62193265812784448,24,648d3c2dd4cd6cf5e8aa19afb3367c829892735767c0b54df5e97f9761f30fc3,False,1,0.00020000000000000001,3,450,20260924,SLSQP,
22c883ea3fd1d8312b9e,computed_finite_candidate_set,False,0fcc609c095871c414e5,False,0,0,True,True,formal-analysis,V005,computed_finite_candidate_set,24,24,14,14,0,True,False,finite found common-feasible candidate set only; not a continuous/global robust optimum,formal-analysis,V005,1e+20,4096,power,0.62193265812784448,24,648d3c2dd4cd6cf5e8aa19afb3367c829892735767c0b54df5e97f9761f30fc3,False,1,0.00020000000000000001,3,450,20260924,SLSQP,
22c883ea3fd1d8312b9e,computed_finite_candidate_set,False,3d72341796b1fa910151,False,1.4415579840942883e-11,6.7994841092035729e-12,True,True,formal-analysis,V005,computed_finite_candidate_set,24,24,14,14,0,True,False,finite found common-feasible candidate set only; not a continuous/global robust optimum,formal-analysis,V005,1e+20,4096,power,0.62193265812784448,24,648d3c2dd4cd6cf5e8aa19afb3367c829892735767c0b54df5e97f9761f30fc3,False,1,0.00020000000000000001,3,450,20260924,SLSQP,
22c883ea3fd1d8312b9e,computed_finite_candidate_set,False,313571dd94d465218394,False,1.1458434201472301e-10,5.4046692626253511e-11,True,True,formal-analysis,V005,computed_finite_candidate_set,24,24,14,14,0,True,False,finite found common-feasible candidate set only; not a continuous/global robust optimum,formal-analysis,V005,1e+20,4096,power,0.62193265812784448,24,648d3c2dd4cd6cf5e8aa19afb3367c829892735767c0b54df5e97f9761f30fc3,False,1,0.00020000000000000001,3,450,20260924,SLSQP,
22c883ea3fd1d8312b9e,computed_finite_candidate_set,False,70ade7fb3f6e8736b3db,False,1.1563061619312975e-10,5.4540195123443481e-11,True,True,formal-analysis,V005,computed_finite_candidate_set,24,24,14,14,0,True,False,finite found common-feasible candidate set only; not a continuous/global robust optimum,formal-analysis,V005,1e+20,4096,power,0.62193265812784448,24,648d3c2dd4cd6cf5e8aa19afb3367c829892735767c0b54df5e97f9761f30fc3,False,1,0.00020000000000000001,3,450,20260924,SLSQP,
22c883ea3fd1d8312b9e,computed_finite_candidate_set,False,5e279f5bc9518ccce5f4,False,1.1595169269185135e-10,5.4691639225934287e-11,True,True,formal-analysis,V005,computed_finite_candidate_set,24,24,14,14,0,True,False,finite found common-feasible candidate set only; not a continuous/global robust optimum,formal-analysis,V005,1e+20,4096,power,0.62193265812784448,24,648d3c2dd4cd6cf5e8aa19afb3367c829892735767c0b54df5e97f9761f30fc3,False,1,0.00020000000000000001,3,450,20260924,SLSQP,
ecd3bc8bd6ef06027620,computed_finite_candidate_set,False,a49518e1a1450aa2d63a,False,0.032787681074626374,0.015465164697179588,False,True,formal-analysis,V005,computed_finite_candidate_set,24,24,14,14,0,True,False,finite found common-feasible candidate set only; not a continuous/global robust optimum,formal-analysis,V005,1e+20,4096,log_asymptotic,0.62193265812784448,24,648d3c2dd4cd6cf5e8aa19afb3367c829892735767c0b54df5e97f9761f30fc3,False,1,0.00020000000000000001,3,450,20260924,SLSQP,
9528f3faa89ceb9c5365,computed_finite_candidate_set,False,276a26f70d3f67ebf7de,False,0.0063137290139727575,0.0031617512897866647,True,True,formal-analysis,V005,computed_finite_candidate_set,24,24,14,14,0,True,False,finite found common-feasible candidate set only; not a continuous/global robust optimum,formal-analysis,V005,3e+20,4096,exponential,0.62193265812784448,24,648d3c2dd4cd6cf5e8aa19afb3367c829892735767c0b54df5e97f9761f30fc3,False,1,0.00020000000000000001,3,450,20260924,SLSQP,
3629f14f97fa15e7c47f,computed_finite_candidate_set,False,9e16af06cb27d1e504a1,False,0.0025370624793175089,0.0012721111191943578,True,True,formal-analysis,V005,computed_finite_candidate_set,24,24,14,14,0,True,False,finite found common-feasible candidate set only; not a continuous/global robust optimum,formal-analysis,V005,3e+20,4096,power,0.62193265812784448,24,648d3c2dd4cd6cf5e8aa19afb3367c829892735767c0b54df5e97f9761f30fc3,False,1,0.00020000000000000001,3,450,20260924,SLSQP,
3629f14f97fa15e7c47f,computed_finite_candidate_set,False,59e098dcab8fe1c8b5cf,False,0.0025370623832647876,0.0012721110710324636,True,True,formal-analysis,V005,computed_finite_candidate_set,24,24,14,14,0,True,False,finite found common-feasible candidate set only; not a continuous/global robust optimum,formal-analysis,V005,3e+20,4096,power,0.62193265812784448,24,648d3c2dd4cd6cf5e8aa19afb3367c829892735767c0b54df5e97f9761f30fc3,False,1,0.00020000000000000001,3,450,20260924,SLSQP,
3629f14f97fa15e7c47f,computed_finite_candidate_set,False,4de53c45e2fba6df434c,False,0.0025370624798184416,0.001272111119445531,True,True,formal-analysis,V005,computed_finite_candidate_set,24,24,14,14,0,True,False,finite found common-feasible candidate set only; not a continuous/global robust optimum,formal-analysis,V005,3e+20,4096,power,0.62193265812784448,24,648d3c2dd4cd6cf5e8aa19afb3367c829892735767c0b54df5e97f9761f30fc3,False,1,0.00020000000000000001,3,450,20260924,SLSQP,
3629f14f97fa15e7c47f,computed_finite_candidate_set,False,2dd2b4461da358a7af7c,False,0.0025370624794733843,0.0012721111192725153,True,True,formal-analysis,V005,computed_finite_candidate_set,24,24,14,14,0,True,False,finite found common-feasible candidate set only; not a continuous/global robust optimum,formal-analysis,V005,3e+20,4096,power,0.62193265812784448,24,648d3c2dd4cd6cf5e8aa19afb3367c829892735767c0b54df5e97f9761f30fc3,False,1,0.00020000000000000001,3,450,20260924,SLSQP,
3629f14f97fa15e7c47f,computed_finite_candidate_set,False,ddf2712bd360732a868c,False,0.0025370624795633123,0.0012721111193176062,True,True,formal-analysis,V005,computed_finite_candidate_set,24,24,14,14,0,True,False,finite found common-feasible candidate set only; not a continuous/global robust optimum,formal-analysis,V005,3e+20,4096,power,0.62193265812784448,24,648d3c2dd4cd6cf5e8aa19afb3367c829892735767c0b54df5e97f9761f30fc3,False,1,0.00020000000000000001,3,450,20260924,SLSQP,
3629f14f97fa15e7c47f,computed_finite_candidate_set,False,e98e59d3768503cc1b67,False,0.0025370624797462771,0.0012721111194093468,True,True,formal-analysis,V005,computed_finite_candidate_set,24,24,14,14,0,True,False,finite found common-feasible candidate set only; not a continuous/global robust optimum,formal-analysis,V005,3e+20,4096,power,0.62193265812784448,24,648d3c2dd4cd6cf5e8aa19afb3367c829892735767c0b54df5e97f9761f30fc3,False,1,0.00020000000000000001,3,450,20260924,SLSQP,
4190857384b882096324,computed_finite_candidate_set,False,d6b5fd01e2519208c6d1,False,0.0099280967249706364,0.0049717326410167201,True,True,formal-analysis,V005,computed_finite_candidate_set,24,24,14,14,0,True,False,finite found common-feasible candidate set only; not a continuous/global robust optimum,formal-analysis,V005,3e+20,4096,log_asymptotic,0.62193265812784448,24,648d3c2dd4cd6cf5e8aa19afb3367c829892735767c0b54df5e97f9761f30fc3,False,1,0.00020000000000000001,3,450,20260924,SLSQP,
a423d553d8ced50f8e95,computed_finite_candidate_set,False,529eea11dc2400b60058,False,0.0065485737334318728,0.0034789466200000597,True,True,formal-analysis,V005,computed_finite_candidate_set,24,24,14,14,0,True,False,finite found common-feasible candidate set only; not a continuous/global robust optimum,formal-analysis,V005,1e+21,4096,exponential,0.62193265812784448,24,648d3c2dd4cd6cf5e8aa19afb3367c829892735767c0b54df5e97f9761f30fc3,False,1,0.00020000000000000001,3,450,20260924,SLSQP,
b2698a79057ba71abc42,computed_finite_candidate_set,False,5ab6eff50699819a7d1e,False,0.009078669252422733,0.004822614828812001,True,True,formal-analysis,V005,computed_finite_candidate_set,24,24,14,14,0,True,False,finite found common-feasible candidate set only; not a continuous/global robust optimum,formal-analysis,V005,1e+21,4096,power,0.62193265812784448,24,648d3c2dd4cd6cf5e8aa19afb3367c829892735767c0b54df5e97f9761f30fc3,False,1,0.00020000000000000001,3,450,20260924,SLSQP,
b362900b7795115fb2af,computed_finite_candidate_set,False,5bfa37b1ac02a889c0a1,False,4.5509054048542552e-05,2.4952628909126367e-05,True,True,formal-analysis,V005,computed_finite_candidate_set,24,24,14,14,0,True,False,finite found common-feasible candidate set only; not a continuous/global robust optimum,formal-analysis,V005,1e+21,4096,log_asymptotic,0.62193265812784448,24,648d3c2dd4cd6cf5e8aa19afb3367c829892735767c0b54df5e97f9761f30fc3,False,1,0.00020000000000000001,3,450,20260924,SLSQP,
e8cc8231ab60f122897d,computed_finite_candidate_set,False,2b65e65689be42733534,False,0.0056547032121185836,0.0031555366358434396,True,True,formal-analysis,V005,computed_finite_candidate_set,24,24,14,14,0,True,False,finite found common-feasible candidate set only; not a continuous/global robust optimum,formal-analysis,V005,3e+21,4096,exponential,0.62193265812784448,24,648d3c2dd4cd6cf5e8aa19afb3367c829892735767c0b54df5e97f9761f30fc3,False,1,0.00020000000000000001,3,450,20260924,SLSQP,
2ac28b1fba8cc7d739e6,computed_finite_candidate_set,False,472638e75203188cc9ce,False,0.0099339059439536026,0.0056625677859022993,True,True,formal-analysis,V005,computed_finite_candidate_set,24,24,14,14,0,True,False,finite found common-feasible candidate set only; not a continuous/global robust optimum,formal-analysis,V005,3e+21,4096,power,0.62193265812784448,24,648d3c2dd4cd6cf5e8aa19afb3367c829892735767c0b54df5e97f9761f30fc3,False,1,0.00020000000000000001,3,450,20260924,SLSQP,
3aaecaa04e534430d7d0,computed_finite_candidate_set,False,19d1a83b018bf2f89958,False,5.802106554853026e-05,3.2510544910861901e-05,True,True,formal-analysis,V005,computed_finite_candidate_set,24,24,14,14,0,True,False,finite found common-feasible candidate set only; not a continuous/global robust optimum,formal-analysis,V005,3e+21,4096,log_asymptotic,0.62193265812784448,24,648d3c2dd4cd6cf5e8aa19afb3367c829892735767c0b54df5e97f9761f30fc3,False,1,0.00020000000000000001,3,450,20260924,SLSQP,
b6724ea4c42b666805a9,computed_finite_candidate_set,False,5e9eeb2a4723b0d4c440,False,0.0023004307831318016,0.0013476512094417578,True,True,formal-analysis,V005,computed_finite_candidate_set,24,24,14,14,0,True,False,finite found common-feasible candidate set only; not a continuous/global robust optimum,formal-analysis,V005,1e+22,4096,exponential,0.62193265812784448,24,648d3c2dd4cd6cf5e8aa19afb3367c829892735767c0b54df5e97f9761f30fc3,False,1,0.00020000000000000001,3,450,20260924,SLSQP,
4e631dd4a38b95b0f01e,computed_finite_candidate_set,False,a1f207e771cfb720a111,False,0.0027400158536314834,0.0016029425665485674,True,True,formal-analysis,V005,computed_finite_candidate_set,24,24,14,14,0,True,False,finite found common-feasible candidate set only; not a continuous/global robust optimum,formal-analysis,V005,1e+22,4096,power,0.62193265812784448,24,648d3c2dd4cd6cf5e8aa19afb3367c829892735767c0b54df5e97f9761f30fc3,False,1,0.00020000000000000001,3,450,20260924,SLSQP,
5fb7e5a4ab7629b92f65,computed_finite_candidate_set,False,ea1eacaf9c5bf49b5430,False,7.1169659018321951e-05,4.1865466928298658e-05,True,True,formal-analysis,V005,computed_finite_candidate_set,24,24,14,14,0,True,False,finite found common-feasible candidate set only; not a continuous/global robust optimum,formal-analysis,V005,1e+22,4096,log_asymptotic,0.62193265812784448,24,648d3c2dd4cd6cf5e8aa19afb3367c829892735767c0b54df5e97f9761f30fc3,False,1,0.00020000000000000001,3,450,20260924,SLSQP,
6dac62a56de4617a9c54,computed_finite_candidate_set,False,be15cb672139f8cb776c,False,0.00028713896457843724,0.00017496643889948813,True,True,formal-analysis,V005,computed_finite_candidate_set,24,24,14,14,0,True,False,finite found common-feasible candidate set only; not a continuous/global robust optimum,formal-analysis,V005,3e+22,4096,exponential,0.62193265812784448,24,648d3c2dd4cd6cf5e8aa19afb3367c829892735767c0b54df5e97f9761f30fc3,False,1,0.00020000000000000001,3,450,20260924,SLSQP,
387c55db58f38229fbc2,computed_finite_candidate_set,False,1b6977fbd727f031e863,False,8.0970578908434732e-05,5.0698611715824203e-05,True,True,formal-analysis,V005,computed_finite_candidate_set,24,24,14,14,0,True,False,finite found common-feasible candidate set only; not a continuous/global robust optimum,formal-analysis,V005,3e+22,4096,power,0.62193265812784448,24,648d3c2dd4cd6cf5e8aa19afb3367c829892735767c0b54df5e97f9761f30fc3,False,1,0.00020000000000000001,3,450,20260924,SLSQP,
a9408c36b5bef9f42e95,computed_finite_candidate_set,False,b18ac6bbb61f58472bb5,False,8.2126864733078619e-05,5.0197308455964256e-05,True,True,formal-analysis,V005,computed_finite_candidate_set,24,24,14,14,0,True,False,finite found common-feasible candidate set only; not a continuous/global robust optimum,formal-analysis,V005,3e+22,4096,log_asymptotic,0.62193265812784448,24,648d3c2dd4cd6cf5e8aa19afb3367c829892735767c0b54df5e97f9761f30fc3,False,1,0.00020000000000000001,3,450,20260924,SLSQP,
65fd3cb27f8d47b87c7d,computed_finite_candidate_set,False,d0ec7f0733c76d9746ac,False,8.1975274347056981e-05,5.1870118813748868e-05,True,True,formal-analysis,V005,computed_finite_candidate_set,24,24,14,14,0,True,False,finite found common-feasible candidate set only; not a continuous/global robust optimum,formal-analysis,V005,1.0000000000000001e+23,4096,exponential,0.62193265812784448,24,648d3c2dd4cd6cf5e8aa19afb3367c829892735767c0b54df5e97f9761f30fc3,False,1,0.00020000000000000001,3,450,20260924,SLSQP,
149c13a5ddde721026ad,computed_finite_candidate_set,False,db0bbd22546dcf50e895,False,7.9956734405195462e-05,5.057517570364936e-05,True,True,formal-analysis,V005,computed_finite_candidate_set,24,24,14,14,0,True,False,finite found common-feasible candidate set only; not a continuous/global robust optimum,formal-analysis,V005,1.0000000000000001e+23,4096,power,0.62193265812784448,24,648d3c2dd4cd6cf5e8aa19afb3367c829892735767c0b54df5e97f9761f30fc3,False,1,0.00020000000000000001,3,450,20260924,SLSQP,
b517f5eb10440f263d0e,computed_finite_candidate_set,False,0faf52c7ea624812023b,False,9.2997113165127487e-05,5.8938458369397428e-05,True,True,formal-analysis,V005,computed_finite_candidate_set,24,24,14,14,0,True,False,finite found common-feasible candidate set only; not a continuous/global robust optimum,formal-analysis,V005,1.0000000000000001e+23,4096,log_asymptotic,0.62193265812784448,24,648d3c2dd4cd6cf5e8aa19afb3367c829892735767c0b54df5e97f9761f30fc3,False,1,0.00020000000000000001,3,450,20260924,SLSQP,
0e1fe5a7d7306d6dbe48,computed_finite_candidate_set,False,9bc5eb088edb6cbfb52e,False,9.4602032863821961e-05,6.1635941013303523e-05,True,True,formal-analysis,V005,computed_finite_candidate_set,24,24,14,14,0,True,False,finite found common-feasible candidate set only; not a continuous/global robust optimum,formal-analysis,V005,3.0000000000000001e+23,4096,exponential,0.62193265812784448,24,648d3c2dd4cd6cf5e8aa19afb3367c829892735767c0b54df5e97f9761f30fc3,False,1,0.00020000000000000001,3,450,20260924,SLSQP,
06cd069866c826489baa,computed_finite_candidate_set,False,efcaec83014a4e0b090d,False,9.3036740274055063e-05,6.0604979402874527e-05,True,True,formal-analysis,V005,computed_finite_candidate_set,24,24,14,14,0,True,False,finite found common-feasible candidate set only; not a continuous/global robust optimum,formal-analysis,V005,3.0000000000000001e+23,4096,power,0.62193265812784448,24,648d3c2dd4cd6cf5e8aa19afb3367c829892735767c0b54df5e97f9761f30fc3,False,1,0.00020000000000000001,3,450,20260924,SLSQP,
d70a4162e64081a3f0bb,computed_finite_candidate_set,False,2e4fbbb30c209f01e9be,False,0.00010192371767736574,6.646100730124747e-05,True,True,formal-analysis,V005,computed_finite_candidate_set,24,24,14,14,0,True,False,finite found common-feasible candidate set only; not a continuous/global robust optimum,formal-analysis,V005,3.0000000000000001e+23,4096,log_asymptotic,0.62193265812784448,24,648d3c2dd4cd6cf5e8aa19afb3367c829892735767c0b54df5e97f9761f30fc3,False,1,0.00020000000000000001,3,450,20260924,SLSQP,
002c06d86aca7e64eb59,computed_finite_candidate_set,False,6720e8079993abef8df9,False,0.00010656361187066921,7.1344579698239335e-05,True,True,formal-analysis,V005,computed_finite_candidate_set,24,24,14,14,0,True,False,finite found common-feasible candidate set only; not a continuous/global robust optimum,formal-analysis,V005,9.9999999999999998e+23,4096,exponential,0.62193265812784448,24,648d3c2dd4cd6cf5e8aa19afb3367c829892735767c0b54df5e97f9761f30fc3,False,1,0.00020000000000000001,3,450,20260924,SLSQP,
de5f159f1b7a1a6d004d,computed_finite_candidate_set,False,2aeff460423b40a97307,False,0.00010561808965214858,7.0705323865571021e-05,True,True,formal-analysis,V005,computed_finite_candidate_set,24,24,14,14,0,True,False,finite found common-feasible candidate set only; not a continuous/global robust optimum,formal-analysis,V005,9.9999999999999998e+23,4096,power,0.62193265812784448,24,648d3c2dd4cd6cf5e8aa19afb3367c829892735767c0b54df5e97f9761f30fc3,False,1,0.00020000000000000001,3,450,20260924,SLSQP,
6035ab6ae5a4f6047cac,computed_finite_candidate_set,False,854f53a75fd19da02a8e,False,0.00011085499082130745,7.4246667213693563e-05,True,True,formal-analysis,V005,computed_finite_candidate_set,24,24,14,14,0,True,False,finite found common-feasible candidate set only; not a continuous/global robust optimum,formal-analysis,V005,9.9999999999999998e+23,4096,log_asymptotic,0.62193265812784448,24,648d3c2dd4cd6cf5e8aa19afb3367c829892735767c0b54df5e97f9761f30fc3,False,1,0.00020000000000000001,3,450,20260924,SLSQP,
