domain,form,budget,label,gain_pct
arxiv,exponential,1e+19,"指数型
1e+19",0.81325523622028228
freelaw,exponential,1e+19,"指数型
1e+19",2.108526887226521
pubmed_central,exponential,1e+19,"指数型
1e+19",0.31264318318885537
wikipedia_en,exponential,1e+19,"指数型
1e+19",7.207546600070633
dm_mathematics,exponential,1e+19,"指数型
1e+19",-2.0917177887477378
github,exponential,1e+19,"指数型
1e+19",4.694280101560742
stackexchange,exponential,1e+19,"指数型
1e+19",4.1671988370167838
gutenberg_pg_19,exponential,1e+19,"指数型
1e+19",8.3395336287179518
pile_cc,exponential,1e+19,"指数型
1e+19",4.4918470117237428
ubuntu_irc,exponential,1e+19,"指数型
1e+19",12.466678306044136
hackernews,exponential,1e+19,"指数型
1e+19",10.154803219745425
pubmed_abstracts,exponential,1e+19,"指数型
1e+19",2.5501426993230094
uspto_backgrounds,exponential,1e+19,"指数型
1e+19",1.6816286133355907
arxiv,exponential,1e+22,"指数型
1e+22",1.234992247080503
freelaw,exponential,1e+22,"指数型
1e+22",1.3752589048046451
pubmed_central,exponential,1e+22,"指数型
1e+22",0.56957951432648302
wikipedia_en,exponential,1e+22,"指数型
1e+22",5.3678943391116825
dm_mathematics,exponential,1e+22,"指数型
1e+22",-3.9532684425808107
github,exponential,1e+22,"指数型
1e+22",6.0011145172656963
stackexchange,exponential,1e+22,"指数型
1e+22",3.1010773713661282
gutenberg_pg_19,exponential,1e+22,"指数型
1e+22",11.565790067788557
pile_cc,exponential,1e+22,"指数型
1e+22",3.6852422151419066
ubuntu_irc,exponential,1e+22,"指数型
1e+22",13.05619011170093
hackernews,exponential,1e+22,"指数型
1e+22",10.367805245898341
pubmed_abstracts,exponential,1e+22,"指数型
1e+22",1.6416290275112875
uspto_backgrounds,exponential,1e+22,"指数型
1e+22",1.2712458490733642
arxiv,exponential,9.9999999999999998e+23,"指数型
1e+24",1.4756536507020204
freelaw,exponential,9.9999999999999998e+23,"指数型
1e+24",1.9280537526889709
pubmed_central,exponential,9.9999999999999998e+23,"指数型
1e+24",1.5852026428816959
wikipedia_en,exponential,9.9999999999999998e+23,"指数型
1e+24",4.1682310434477783
dm_mathematics,exponential,9.9999999999999998e+23,"指数型
1e+24",-0.99450164308487565
github,exponential,9.9999999999999998e+23,"指数型
1e+24",4.7455733744791306
stackexchange,exponential,9.9999999999999998e+23,"指数型
1e+24",2.6098584547745971
gutenberg_pg_19,exponential,9.9999999999999998e+23,"指数型
1e+24",12.523974408110332
pile_cc,exponential,9.9999999999999998e+23,"指数型
1e+24",3.1510875860310761
ubuntu_irc,exponential,9.9999999999999998e+23,"指数型
1e+24",11.303658741085551
hackernews,exponential,9.9999999999999998e+23,"指数型
1e+24",9.0078008077673282
pubmed_abstracts,exponential,9.9999999999999998e+23,"指数型
1e+24",1.8260347957329417
uspto_backgrounds,exponential,9.9999999999999998e+23,"指数型
1e+24",1.3723348955214099
arxiv,power,1e+19,"幂函数型
1e+19",0.81379500800519211
freelaw,power,1e+19,"幂函数型
1e+19",2.1086319063553556
pubmed_central,power,1e+19,"幂函数型
1e+19",0.31273840344730552
wikipedia_en,power,1e+19,"幂函数型
1e+19",7.207525369970174
dm_mathematics,power,1e+19,"幂函数型
1e+19",-2.091865673144695
github,power,1e+19,"幂函数型
1e+19",4.6943120708766486
stackexchange,power,1e+19,"幂函数型
1e+19",4.1671928071350708
gutenberg_pg_19,power,1e+19,"幂函数型
1e+19",8.3394257481417569
pile_cc,power,1e+19,"幂函数型
1e+19",4.4917537276007433
ubuntu_irc,power,1e+19,"幂函数型
1e+19",12.466705383365442
hackernews,power,1e+19,"幂函数型
1e+19",10.154598883185333
pubmed_abstracts,power,1e+19,"幂函数型
1e+19",2.5500854886426279
uspto_backgrounds,power,1e+19,"幂函数型
1e+19",1.6816283836069437
arxiv,power,1e+22,"幂函数型
1e+22",1.1866695375675085
freelaw,power,1e+22,"幂函数型
1e+22",1.1026080063127908
pubmed_central,power,1e+22,"幂函数型
1e+22",0.31072801406386191
wikipedia_en,power,1e+22,"幂函数型
1e+22",5.2473321483607105
dm_mathematics,power,1e+22,"幂函数型
1e+22",-3.9788559489780613
github,power,1e+22,"幂函数型
1e+22",6.1039345164417789
stackexchange,power,1e+22,"幂函数型
1e+22",2.997650731611452
gutenberg_pg_19,power,1e+22,"幂函数型
1e+22",11.352264691376021
pile_cc,power,1e+22,"幂函数型
1e+22",3.6042165195306097
ubuntu_irc,power,1e+22,"幂函数型
1e+22",12.814633742750473
hackernews,power,1e+22,"幂函数型
1e+22",10.368772965635529
pubmed_abstracts,power,1e+22,"幂函数型
1e+22",1.5150309206428776
uspto_backgrounds,power,1e+22,"幂函数型
1e+22",1.226518897000378
arxiv,power,9.9999999999999998e+23,"幂函数型
1e+24",1.4696124288946562
freelaw,power,9.9999999999999998e+23,"幂函数型
1e+24",1.9103671447503576
pubmed_central,power,9.9999999999999998e+23,"幂函数型
1e+24",1.5679333277232679
wikipedia_en,power,9.9999999999999998e+23,"幂函数型
1e+24",4.1602731735276821
dm_mathematics,power,9.9999999999999998e+23,"幂函数型
1e+24",-0.99956918591137978
github,power,9.9999999999999998e+23,"幂函数型
1e+24",4.7482247049604585
stackexchange,power,9.9999999999999998e+23,"幂函数型
1e+24",2.60152551551709
gutenberg_pg_19,power,9.9999999999999998e+23,"幂函数型
1e+24",12.512688681675591
pile_cc,power,9.9999999999999998e+23,"幂函数型
1e+24",3.1451773280326143
ubuntu_irc,power,9.9999999999999998e+23,"幂函数型
1e+24",11.290865600960919
hackernews,power,9.9999999999999998e+23,"幂函数型
1e+24",9.0081240888670191
pubmed_abstracts,power,9.9999999999999998e+23,"幂函数型
1e+24",1.8160057891856782
uspto_backgrounds,power,9.9999999999999998e+23,"幂函数型
1e+24",1.3682831689050186
arxiv,log_asymptotic,1e+19,"对数型
1e+19",0.81349949091676277
freelaw,log_asymptotic,1e+19,"对数型
1e+19",2.1087390634555812
pubmed_central,log_asymptotic,1e+19,"对数型
1e+19",0.31276306996036246
wikipedia_en,log_asymptotic,1e+19,"对数型
1e+19",7.2075382474059442
dm_mathematics,log_asymptotic,1e+19,"对数型
1e+19",-2.0909666847998669
github,log_asymptotic,1e+19,"对数型
1e+19",4.6944192363437036
stackexchange,log_asymptotic,1e+19,"对数型
1e+19",4.1671129863532181
gutenberg_pg_19,log_asymptotic,1e+19,"对数型
1e+19",8.3391294498197528
pile_cc,log_asymptotic,1e+19,"对数型
1e+19",4.491816272695802
ubuntu_irc,log_asymptotic,1e+19,"对数型
1e+19",12.466639412140587
hackernews,log_asymptotic,1e+19,"对数型
1e+19",10.154781065463817
pubmed_abstracts,log_asymptotic,1e+19,"对数型
1e+19",2.5501773095120899
uspto_backgrounds,log_asymptotic,1e+19,"对数型
1e+19",1.6811664124094727
arxiv,log_asymptotic,1e+22,"对数型
1e+22",1.6079598593694331
freelaw,log_asymptotic,1e+22,"对数型
1e+22",2.327340691120757
pubmed_central,log_asymptotic,1e+22,"对数型
1e+22",1.4871273474890732
wikipedia_en,log_asymptotic,1e+22,"对数型
1e+22",5.9154581489237481
dm_mathematics,log_asymptotic,1e+22,"对数型
1e+22",-3.6195636917967735
github,log_asymptotic,1e+22,"对数型
1e+22",5.9535212402580742
stackexchange,log_asymptotic,1e+22,"对数型
1e+22",3.6071291268538732
gutenberg_pg_19,log_asymptotic,1e+22,"对数型
1e+22",12.335743091897831
pile_cc,log_asymptotic,1e+22,"对数型
1e+22",4.1404991461508676
ubuntu_irc,log_asymptotic,1e+22,"对数型
1e+22",13.880566011953652
hackernews,log_asymptotic,1e+22,"对数型
1e+22",10.588503007184418
pubmed_abstracts,log_asymptotic,1e+22,"对数型
1e+22",2.224590192198467
uspto_backgrounds,log_asymptotic,1e+22,"对数型
1e+22",1.6378421104656771
arxiv,log_asymptotic,9.9999999999999998e+23,"对数型
1e+24",1.5021867359540682
freelaw,log_asymptotic,9.9999999999999998e+23,"对数型
1e+24",2.0068566167654498
pubmed_central,log_asymptotic,9.9999999999999998e+23,"对数型
1e+24",1.6619371835005674
wikipedia_en,log_asymptotic,9.9999999999999998e+23,"对数型
1e+24",4.2035460724189022
dm_mathematics,log_asymptotic,9.9999999999999998e+23,"对数型
1e+24",-0.97265478109181958
github,log_asymptotic,9.9999999999999998e+23,"对数型
1e+24",4.7319613507774738
stackexchange,log_asymptotic,9.9999999999999998e+23,"对数型
1e+24",2.6466462116084588
gutenberg_pg_19,log_asymptotic,9.9999999999999998e+23,"对数型
1e+24",12.574103441964107
pile_cc,log_asymptotic,9.9999999999999998e+23,"对数型
1e+24",3.1773883478968026
ubuntu_irc,log_asymptotic,9.9999999999999998e+23,"对数型
1e+24",11.360369819539672
hackernews,log_asymptotic,9.9999999999999998e+23,"对数型
1e+24",9.0062791204590802
pubmed_abstracts,log_asymptotic,9.9999999999999998e+23,"对数型
1e+24",1.8706959237978151
uspto_backgrounds,log_asymptotic,9.9999999999999998e+23,"对数型
1e+24",1.3905060177725146
